{"cameraMode":{"drawMode":0,"name":"Shaded","section":"Shading Mode"},"sceneLighting":false,"audioPlay":false,"sceneViewState":{"showFog":true,"showMaterialUpdate":true,"showSkybox":true,"showFlares":true,"showImageEffects":true,"showParticleSystems":true},"in2DMode":false,"pivot":{"x":0.2429976463317871,"y":-0.012731552124023438,"z":-9.8768310546875},"rotation":{"x":-0.26320406794548037,"y":0.3399161994457245,"z":-0.09970472753047943,"w":-0.8973559737205505},"size":4.539729595184326,"orthographic":false}